{
  "project_info": {
    "project_number": "1057343590583",
    "project_id": "sandesha-852ae",
    "storage_bucket": "sandesha-852ae.appspot.com"
  },
  "client": [
    {
      "client_info": {
        "mobilesdk_app_id": "1:1057343590583:android:71cb5ee0da890623f6bd32",
        "android_client_info": {
          "package_name": "com.example.sandesha"
        }
      },
      "oauth_client": [
        {
          "client_id": "1057343590583-klgqtalqcjof938h7f2srhcas1f4dmhi.apps.googleusercontent.com",
          "client_type": 3
        }
      ],
      "api_key": [
        {
          "current_key": "AIzaSyBcmE1DaIUx11M2MuP3O1wTn7Hxw8TAHso"
        }
      ],
      "services": {
        "appinvite_service": {
          "other_platform_oauth_client": [
            {
              "client_id": "1057343590583-klgqtalqcjof938h7f2srhcas1f4dmhi.apps.googleusercontent.com",
              "client_type": 3
            }
          ]
        }
      }
    }
  ],
  "configuration_version": "1"
}